bond length,energy
1,-1.4474
1.1,-1.40061
1.2,-1.36069
1.3,-1.32041
1.4,-1.28336
1.5,-1.24605
1.6,-1.214
1.7,-1.18393
1.8,-1.1568
1.9,-1.12715
2,-1.10069
2.1,-1.07836
2.2,-1.05567
2.3,-1.03534
2.4,-1.0133
2.5,-0.991721
2.6,-2.05417
2.7,-0.959322
2.8,-0.944627
2.9,-0.924713
